row_id,A_source,B_source,direct_answer,swapped_answer,order_influenced_decision,topic,N2_raw,S2_raw,N3_raw,chosen_N1,chosen_S1,chosen_N2,chosen_S2,chosen_N3,majority_source,majority_count_of_5,normal_consistent
e7a62f1b-e53f-4d94-aebc-f6c82d7a09e8,winning_text,losing_generate_gpt4omini,2,1,No,askacademia_train,2,1,2,losing_generate_gpt4omini,losing_generate_gpt4omini,losing_generate_gpt4omini,losing_generate_gpt4omini,losing_generate_gpt4omini,losing_generate_gpt4omini,5,Yes
e7a62f1b-e53f-4d94-aebc-f6c82d7a09e8,winning_text,losing_generate_gpt5nano,2,1,No,askacademia_train,2,1,2,losing_generate_gpt5nano,losing_generate_gpt5nano,losing_generate_gpt5nano,losing_generate_gpt5nano,losing_generate_gpt5nano,losing_generate_gpt5nano,5,Yes
e7a62f1b-e53f-4d94-aebc-f6c82d7a09e8,winning_text,losing_generate_claude,2,1,No,askacademia_train,2,1,2,losing_generate_claude,losing_generate_claude,losing_generate_claude,losing_generate_claude,losing_generate_claude,losing_generate_claude,5,Yes
e7a62f1b-e53f-4d94-aebc-f6c82d7a09e8,winning_text,losing_generate_llama,1,1,Yes,askacademia_train,2,1,1,winning_text,losing_generate_llama,losing_generate_llama,losing_generate_llama,winning_text,losing_generate_llama,3,No
e7a62f1b-e53f-4d94-aebc-f6c82d7a09e8,winning_text,losing_generate_gemini,2,1,No,askacademia_train,2,1,2,losing_generate_gemini,losing_generate_gemini,losing_generate_gemini,losing_generate_gemini,losing_generate_gemini,losing_generate_gemini,5,Yes
e7a62f1b-e53f-4d94-aebc-f6c82d7a09e8,winning_text,losing_text,1,2,No,askacademia_train,1,2,1,winning_text,winning_text,winning_text,winning_text,winning_text,winning_text,5,Yes
e7a62f1b-e53f-4d94-aebc-f6c82d7a09e8,winning_text,losing_generate_mistral,2,1,No,askacademia_train,2,1,2,losing_generate_mistral,losing_generate_mistral,losing_generate_mistral,losing_generate_mistral,losing_generate_mistral,losing_generate_mistral,5,Yes
e7a62f1b-e53f-4d94-aebc-f6c82d7a09e8,winning_text,losing_improve_claude,2,1,No,askacademia_train,2,1,2,losing_improve_claude,losing_improve_claude,losing_improve_claude,losing_improve_claude,losing_improve_claude,losing_improve_claude,5,Yes
e7a62f1b-e53f-4d94-aebc-f6c82d7a09e8,winning_text,losing_improve_gemini,2,2,Yes,askacademia_train,2,2,2,losing_improve_gemini,winning_text,losing_improve_gemini,winning_text,losing_improve_gemini,losing_improve_gemini,3,Yes
e7a62f1b-e53f-4d94-aebc-f6c82d7a09e8,winning_text,losing_improve_gpt5nano,2,1,No,askacademia_train,2,1,2,losing_improve_gpt5nano,losing_improve_gpt5nano,losing_improve_gpt5nano,losing_improve_gpt5nano,losing_improve_gpt5nano,losing_improve_gpt5nano,5,Yes
e7a62f1b-e53f-4d94-aebc-f6c82d7a09e8,winning_text,losing_improve_llama,1,2,No,askacademia_train,1,2,1,winning_text,winning_text,winning_text,winning_text,winning_text,winning_text,5,Yes
e7a62f1b-e53f-4d94-aebc-f6c82d7a09e8,winning_text,losing_improve_gpt4omini,2,1,No,askacademia_train,2,1,2,losing_improve_gpt4omini,losing_improve_gpt4omini,losing_improve_gpt4omini,losing_improve_gpt4omini,losing_improve_gpt4omini,losing_improve_gpt4omini,5,Yes
e7a62f1b-e53f-4d94-aebc-f6c82d7a09e8,winning_text,losing_generate_qwen,2,2,Yes,askacademia_train,2,2,2,losing_generate_qwen,winning_text,losing_generate_qwen,winning_text,losing_generate_qwen,losing_generate_qwen,3,Yes
e7a62f1b-e53f-4d94-aebc-f6c82d7a09e8,winning_text,losing_paraphrase_claude,1,2,No,askacademia_train,1,2,1,winning_text,winning_text,winning_text,winning_text,winning_text,winning_text,5,Yes
e7a62f1b-e53f-4d94-aebc-f6c82d7a09e8,winning_text,losing_paraphrase_gpt4omini,1,2,No,askacademia_train,1,2,1,winning_text,winning_text,winning_text,winning_text,winning_text,winning_text,5,Yes
e7a62f1b-e53f-4d94-aebc-f6c82d7a09e8,winning_text,losing_paraphrase_gemini,1,2,No,askacademia_train,1,2,1,winning_text,winning_text,winning_text,winning_text,winning_text,winning_text,5,Yes
e7a62f1b-e53f-4d94-aebc-f6c82d7a09e8,winning_text,losing_paraphrase_gpt5nano,1,2,No,askacademia_train,1,2,1,winning_text,winning_text,winning_text,winning_text,winning_text,winning_text,5,Yes
e7a62f1b-e53f-4d94-aebc-f6c82d7a09e8,winning_text,losing_paraphrase_llama,1,2,No,askacademia_train,1,2,1,winning_text,winning_text,winning_text,winning_text,winning_text,winning_text,5,Yes
e7a62f1b-e53f-4d94-aebc-f6c82d7a09e8,winning_text,losing_improve_qwen,1,2,No,askacademia_train,1,2,1,winning_text,winning_text,winning_text,winning_text,winning_text,winning_text,5,Yes
e7a62f1b-e53f-4d94-aebc-f6c82d7a09e8,winning_text,losing_paraphrase_mistral,1,2,No,askacademia_train,1,2,1,winning_text,winning_text,winning_text,winning_text,winning_text,winning_text,5,Yes
e7a62f1b-e53f-4d94-aebc-f6c82d7a09e8,winning_text,losing_improve_mistral,1,2,No,askacademia_train,1,2,1,winning_text,winning_text,winning_text,winning_text,winning_text,winning_text,5,Yes
e7a62f1b-e53f-4d94-aebc-f6c82d7a09e8,winning_text,losing_paraphrase_qwen,1,2,No,askacademia_train,1,2,1,winning_text,winning_text,winning_text,winning_text,winning_text,winning_text,5,Yes
e7a62f1b-e53f-4d94-aebc-f6c82d7a09e8,losing_text,losing_generate_claude,2,1,No,askacademia_train,2,1,2,losing_generate_claude,losing_generate_claude,losing_generate_claude,losing_generate_claude,losing_generate_claude,losing_generate_claude,5,Yes
e7a62f1b-e53f-4d94-aebc-f6c82d7a09e8,losing_text,losing_generate_gemini,2,1,No,askacademia_train,2,1,2,losing_generate_gemini,losing_generate_gemini,losing_generate_gemini,losing_generate_gemini,losing_generate_gemini,losing_generate_gemini,5,Yes
e7a62f1b-e53f-4d94-aebc-f6c82d7a09e8,losing_text,losing_generate_gpt4omini,2,1,No,askacademia_train,2,1,2,losing_generate_gpt4omini,losing_generate_gpt4omini,losing_generate_gpt4omini,losing_generate_gpt4omini,losing_generate_gpt4omini,losing_generate_gpt4omini,5,Yes
e7a62f1b-e53f-4d94-aebc-f6c82d7a09e8,losing_text,losing_generate_mistral,2,1,No,askacademia_train,2,1,2,losing_generate_mistral,losing_generate_mistral,losing_generate_mistral,losing_generate_mistral,losing_generate_mistral,losing_generate_mistral,5,Yes
e7a62f1b-e53f-4d94-aebc-f6c82d7a09e8,losing_text,losing_generate_gpt5nano,2,1,No,askacademia_train,2,1,2,losing_generate_gpt5nano,losing_generate_gpt5nano,losing_generate_gpt5nano,losing_generate_gpt5nano,losing_generate_gpt5nano,losing_generate_gpt5nano,5,Yes
e7a62f1b-e53f-4d94-aebc-f6c82d7a09e8,losing_text,losing_generate_llama,2,1,No,askacademia_train,2,1,2,losing_generate_llama,losing_generate_llama,losing_generate_llama,losing_generate_llama,losing_generate_llama,losing_generate_llama,5,Yes
e7a62f1b-e53f-4d94-aebc-f6c82d7a09e8,losing_text,losing_generate_qwen,2,1,No,askacademia_train,2,1,2,losing_generate_qwen,losing_generate_qwen,losing_generate_qwen,losing_generate_qwen,losing_generate_qwen,losing_generate_qwen,5,Yes
e7a62f1b-e53f-4d94-aebc-f6c82d7a09e8,losing_text,losing_improve_gemini,2,1,No,askacademia_train,2,1,2,losing_improve_gemini,losing_improve_gemini,losing_improve_gemini,losing_improve_gemini,losing_improve_gemini,losing_improve_gemini,5,Yes
e7a62f1b-e53f-4d94-aebc-f6c82d7a09e8,losing_text,losing_improve_claude,2,1,No,askacademia_train,2,1,2,losing_improve_claude,losing_improve_claude,losing_improve_claude,losing_improve_claude,losing_improve_claude,losing_improve_claude,5,Yes
e7a62f1b-e53f-4d94-aebc-f6c82d7a09e8,losing_text,losing_improve_gpt5nano,2,1,No,askacademia_train,2,1,2,losing_improve_gpt5nano,losing_improve_gpt5nano,losing_improve_gpt5nano,losing_improve_gpt5nano,losing_improve_gpt5nano,losing_improve_gpt5nano,5,Yes
e7a62f1b-e53f-4d94-aebc-f6c82d7a09e8,losing_text,losing_improve_gpt4omini,2,1,No,askacademia_train,2,1,2,losing_improve_gpt4omini,losing_improve_gpt4omini,losing_improve_gpt4omini,losing_improve_gpt4omini,losing_improve_gpt4omini,losing_improve_gpt4omini,5,Yes
e7a62f1b-e53f-4d94-aebc-f6c82d7a09e8,losing_text,losing_improve_mistral,2,1,No,askacademia_train,2,1,2,losing_improve_mistral,losing_improve_mistral,losing_improve_mistral,losing_improve_mistral,losing_improve_mistral,losing_improve_mistral,5,Yes
e7a62f1b-e53f-4d94-aebc-f6c82d7a09e8,losing_text,losing_improve_llama,2,1,No,askacademia_train,2,1,2,losing_improve_llama,losing_improve_llama,losing_improve_llama,losing_improve_llama,losing_improve_llama,losing_improve_llama,5,Yes
e7a62f1b-e53f-4d94-aebc-f6c82d7a09e8,losing_text,losing_paraphrase_claude,2,1,No,askacademia_train,2,1,2,losing_paraphrase_claude,losing_paraphrase_claude,losing_paraphrase_claude,losing_paraphrase_claude,losing_paraphrase_claude,losing_paraphrase_claude,5,Yes
e7a62f1b-e53f-4d94-aebc-f6c82d7a09e8,losing_text,losing_paraphrase_gemini,1,1,Yes,askacademia_train,1,1,1,losing_text,losing_paraphrase_gemini,losing_text,losing_paraphrase_gemini,losing_text,losing_text,3,Yes
e7a62f1b-e53f-4d94-aebc-f6c82d7a09e8,losing_text,losing_paraphrase_gpt5nano,2,1,No,askacademia_train,2,1,2,losing_paraphrase_gpt5nano,losing_paraphrase_gpt5nano,losing_paraphrase_gpt5nano,losing_paraphrase_gpt5nano,losing_paraphrase_gpt5nano,losing_paraphrase_gpt5nano,5,Yes
e7a62f1b-e53f-4d94-aebc-f6c82d7a09e8,losing_text,losing_paraphrase_gpt4omini,2,1,No,askacademia_train,2,1,2,losing_paraphrase_gpt4omini,losing_paraphrase_gpt4omini,losing_paraphrase_gpt4omini,losing_paraphrase_gpt4omini,losing_paraphrase_gpt4omini,losing_paraphrase_gpt4omini,5,Yes
e7a62f1b-e53f-4d94-aebc-f6c82d7a09e8,losing_text,losing_paraphrase_llama,2,1,No,askacademia_train,2,1,2,losing_paraphrase_llama,losing_paraphrase_llama,losing_paraphrase_llama,losing_paraphrase_llama,losing_paraphrase_llama,losing_paraphrase_llama,5,Yes
e7a62f1b-e53f-4d94-aebc-f6c82d7a09e8,losing_text,losing_paraphrase_mistral,1,1,No,askacademia_train,2,2,1,losing_text,losing_paraphrase_mistral,losing_paraphrase_mistral,losing_text,losing_text,losing_text,3,No
e7a62f1b-e53f-4d94-aebc-f6c82d7a09e8,losing_text,losing_paraphrase_qwen,2,1,No,askacademia_train,2,1,2,losing_paraphrase_qwen,losing_paraphrase_qwen,losing_paraphrase_qwen,losing_paraphrase_qwen,losing_paraphrase_qwen,losing_paraphrase_qwen,5,Yes
e0e76c73-21e7-4df5-ae3b-01c7a2ea5814,winning_text,losing_generate_claude,2,1,No,askacademia_train,2,1,2,losing_generate_claude,losing_generate_claude,losing_generate_claude,losing_generate_claude,losing_generate_claude,losing_generate_claude,5,Yes
e0e76c73-21e7-4df5-ae3b-01c7a2ea5814,winning_text,losing_generate_gemini,2,1,No,askacademia_train,2,1,2,losing_generate_gemini,losing_generate_gemini,losing_generate_gemini,losing_generate_gemini,losing_generate_gemini,losing_generate_gemini,5,Yes
e0e76c73-21e7-4df5-ae3b-01c7a2ea5814,winning_text,losing_generate_gpt4omini,2,1,No,askacademia_train,2,1,2,losing_generate_gpt4omini,losing_generate_gpt4omini,losing_generate_gpt4omini,losing_generate_gpt4omini,losing_generate_gpt4omini,losing_generate_gpt4omini,5,Yes
e0e76c73-21e7-4df5-ae3b-01c7a2ea5814,winning_text,losing_text,1,1,Yes,askacademia_train,1,1,1,winning_text,losing_text,winning_text,losing_text,winning_text,winning_text,3,Yes
e0e76c73-21e7-4df5-ae3b-01c7a2ea5814,winning_text,losing_generate_gpt5nano,2,1,No,askacademia_train,2,1,2,losing_generate_gpt5nano,losing_generate_gpt5nano,losing_generate_gpt5nano,losing_generate_gpt5nano,losing_generate_gpt5nano,losing_generate_gpt5nano,5,Yes
e7a62f1b-e53f-4d94-aebc-f6c82d7a09e8,losing_text,losing_improve_qwen,2,1,No,askacademia_train,2,1,2,losing_improve_qwen,losing_improve_qwen,losing_improve_qwen,losing_improve_qwen,losing_improve_qwen,losing_improve_qwen,5,Yes
e0e76c73-21e7-4df5-ae3b-01c7a2ea5814,winning_text,losing_generate_llama,2,1,No,askacademia_train,2,1,2,losing_generate_llama,losing_generate_llama,losing_generate_llama,losing_generate_llama,losing_generate_llama,losing_generate_llama,5,Yes
e0e76c73-21e7-4df5-ae3b-01c7a2ea5814,winning_text,losing_generate_mistral,2,1,No,askacademia_train,2,1,2,losing_generate_mistral,losing_generate_mistral,losing_generate_mistral,losing_generate_mistral,losing_generate_mistral,losing_generate_mistral,5,Yes
e0e76c73-21e7-4df5-ae3b-01c7a2ea5814,winning_text,losing_generate_qwen,2,1,No,askacademia_train,2,1,2,losing_generate_qwen,losing_generate_qwen,losing_generate_qwen,losing_generate_qwen,losing_generate_qwen,losing_generate_qwen,5,Yes
e0e76c73-21e7-4df5-ae3b-01c7a2ea5814,winning_text,losing_improve_gemini,2,1,No,askacademia_train,2,1,2,losing_improve_gemini,losing_improve_gemini,losing_improve_gemini,losing_improve_gemini,losing_improve_gemini,losing_improve_gemini,5,Yes
e0e76c73-21e7-4df5-ae3b-01c7a2ea5814,winning_text,losing_improve_gpt4omini,2,1,No,askacademia_train,2,1,2,losing_improve_gpt4omini,losing_improve_gpt4omini,losing_improve_gpt4omini,losing_improve_gpt4omini,losing_improve_gpt4omini,losing_improve_gpt4omini,5,Yes
e0e76c73-21e7-4df5-ae3b-01c7a2ea5814,winning_text,losing_improve_gpt5nano,2,1,No,askacademia_train,2,1,2,losing_improve_gpt5nano,losing_improve_gpt5nano,losing_improve_gpt5nano,losing_improve_gpt5nano,losing_improve_gpt5nano,losing_improve_gpt5nano,5,Yes
e0e76c73-21e7-4df5-ae3b-01c7a2ea5814,winning_text,losing_improve_mistral,1,1,Yes,askacademia_train,1,1,1,winning_text,losing_improve_mistral,winning_text,losing_improve_mistral,winning_text,winning_text,3,Yes
e0e76c73-21e7-4df5-ae3b-01c7a2ea5814,winning_text,losing_improve_qwen,2,1,No,askacademia_train,2,1,2,losing_improve_qwen,losing_improve_qwen,losing_improve_qwen,losing_improve_qwen,losing_improve_qwen,losing_improve_qwen,5,Yes
e0e76c73-21e7-4df5-ae3b-01c7a2ea5814,winning_text,losing_improve_llama,1,1,Yes,askacademia_train,1,1,1,winning_text,losing_improve_llama,winning_text,losing_improve_llama,winning_text,winning_text,3,Yes
e0e76c73-21e7-4df5-ae3b-01c7a2ea5814,winning_text,losing_improve_claude,2,1,No,askacademia_train,2,1,2,losing_improve_claude,losing_improve_claude,losing_improve_claude,losing_improve_claude,losing_improve_claude,losing_improve_claude,5,Yes
e0e76c73-21e7-4df5-ae3b-01c7a2ea5814,winning_text,losing_paraphrase_claude,2,1,No,askacademia_train,2,1,2,losing_paraphrase_claude,losing_paraphrase_claude,losing_paraphrase_claude,losing_paraphrase_claude,losing_paraphrase_claude,losing_paraphrase_claude,5,Yes
e0e76c73-21e7-4df5-ae3b-01c7a2ea5814,winning_text,losing_paraphrase_gemini,1,1,Yes,askacademia_train,1,1,1,winning_text,losing_paraphrase_gemini,winning_text,losing_paraphrase_gemini,winning_text,winning_text,3,Yes
e0e76c73-21e7-4df5-ae3b-01c7a2ea5814,winning_text,losing_paraphrase_gpt4omini,1,1,Yes,askacademia_train,1,1,1,winning_text,losing_paraphrase_gpt4omini,winning_text,losing_paraphrase_gpt4omini,winning_text,winning_text,3,Yes
e0e76c73-21e7-4df5-ae3b-01c7a2ea5814,winning_text,losing_paraphrase_mistral,2,1,Yes,askacademia_train,2,1,1,losing_paraphrase_mistral,losing_paraphrase_mistral,losing_paraphrase_mistral,losing_paraphrase_mistral,winning_text,losing_paraphrase_mistral,4,No
e0e76c73-21e7-4df5-ae3b-01c7a2ea5814,winning_text,losing_paraphrase_qwen,1,1,Yes,askacademia_train,1,1,1,winning_text,losing_paraphrase_qwen,winning_text,losing_paraphrase_qwen,winning_text,winning_text,3,Yes
e0e76c73-21e7-4df5-ae3b-01c7a2ea5814,winning_text,losing_paraphrase_llama,1,1,Yes,askacademia_train,1,1,1,winning_text,losing_paraphrase_llama,winning_text,losing_paraphrase_llama,winning_text,winning_text,3,Yes
e0e76c73-21e7-4df5-ae3b-01c7a2ea5814,losing_text,losing_generate_claude,2,1,No,askacademia_train,2,1,2,losing_generate_claude,losing_generate_claude,losing_generate_claude,losing_generate_claude,losing_generate_claude,losing_generate_claude,5,Yes
e0e76c73-21e7-4df5-ae3b-01c7a2ea5814,losing_text,losing_generate_gemini,2,1,No,askacademia_train,2,1,2,losing_generate_gemini,losing_generate_gemini,losing_generate_gemini,losing_generate_gemini,losing_generate_gemini,losing_generate_gemini,5,Yes
e0e76c73-21e7-4df5-ae3b-01c7a2ea5814,winning_text,losing_paraphrase_gpt5nano,1,1,Yes,askacademia_train,1,1,1,winning_text,losing_paraphrase_gpt5nano,winning_text,losing_paraphrase_gpt5nano,winning_text,winning_text,3,Yes
e0e76c73-21e7-4df5-ae3b-01c7a2ea5814,losing_text,losing_generate_gpt4omini,2,1,No,askacademia_train,2,1,2,losing_generate_gpt4omini,losing_generate_gpt4omini,losing_generate_gpt4omini,losing_generate_gpt4omini,losing_generate_gpt4omini,losing_generate_gpt4omini,5,Yes
e0e76c73-21e7-4df5-ae3b-01c7a2ea5814,losing_text,losing_generate_llama,2,1,No,askacademia_train,2,1,2,losing_generate_llama,losing_generate_llama,losing_generate_llama,losing_generate_llama,losing_generate_llama,losing_generate_llama,5,Yes
e0e76c73-21e7-4df5-ae3b-01c7a2ea5814,losing_text,losing_generate_mistral,2,1,No,askacademia_train,2,1,2,losing_generate_mistral,losing_generate_mistral,losing_generate_mistral,losing_generate_mistral,losing_generate_mistral,losing_generate_mistral,5,Yes
e0e76c73-21e7-4df5-ae3b-01c7a2ea5814,losing_text,losing_generate_qwen,1,1,Yes,askacademia_train,1,1,1,losing_text,losing_generate_qwen,losing_text,losing_generate_qwen,losing_text,losing_text,3,Yes
e0e76c73-21e7-4df5-ae3b-01c7a2ea5814,losing_text,losing_improve_claude,2,1,No,askacademia_train,2,1,2,losing_improve_claude,losing_improve_claude,losing_improve_claude,losing_improve_claude,losing_improve_claude,losing_improve_claude,5,Yes
e0e76c73-21e7-4df5-ae3b-01c7a2ea5814,losing_text,losing_improve_gpt4omini,2,1,No,askacademia_train,2,1,2,losing_improve_gpt4omini,losing_improve_gpt4omini,losing_improve_gpt4omini,losing_improve_gpt4omini,losing_improve_gpt4omini,losing_improve_gpt4omini,5,Yes
e0e76c73-21e7-4df5-ae3b-01c7a2ea5814,losing_text,losing_improve_llama,2,2,Yes,askacademia_train,2,2,2,losing_improve_llama,losing_text,losing_improve_llama,losing_text,losing_improve_llama,losing_improve_llama,3,Yes
e0e76c73-21e7-4df5-ae3b-01c7a2ea5814,losing_text,losing_improve_gpt5nano,2,1,No,askacademia_train,2,1,2,losing_improve_gpt5nano,losing_improve_gpt5nano,losing_improve_gpt5nano,losing_improve_gpt5nano,losing_improve_gpt5nano,losing_improve_gpt5nano,5,Yes
e0e76c73-21e7-4df5-ae3b-01c7a2ea5814,losing_text,losing_improve_mistral,2,2,Yes,askacademia_train,2,2,2,losing_improve_mistral,losing_text,losing_improve_mistral,losing_text,losing_improve_mistral,losing_improve_mistral,3,Yes
e0e76c73-21e7-4df5-ae3b-01c7a2ea5814,losing_text,losing_improve_qwen,2,1,No,askacademia_train,2,1,2,losing_improve_qwen,losing_improve_qwen,losing_improve_qwen,losing_improve_qwen,losing_improve_qwen,losing_improve_qwen,5,Yes
e0e76c73-21e7-4df5-ae3b-01c7a2ea5814,losing_text,losing_paraphrase_gemini,1,2,Yes,askacademia_train,1,1,1,losing_text,losing_text,losing_text,losing_paraphrase_gemini,losing_text,losing_text,4,Yes
e0e76c73-21e7-4df5-ae3b-01c7a2ea5814,losing_text,losing_paraphrase_claude,2,1,No,askacademia_train,2,1,2,losing_paraphrase_claude,losing_paraphrase_claude,losing_paraphrase_claude,losing_paraphrase_claude,losing_paraphrase_claude,losing_paraphrase_claude,5,Yes
e0e76c73-21e7-4df5-ae3b-01c7a2ea5814,losing_text,losing_paraphrase_gpt4omini,2,2,Yes,askacademia_train,2,1,2,losing_paraphrase_gpt4omini,losing_text,losing_paraphrase_gpt4omini,losing_paraphrase_gpt4omini,losing_paraphrase_gpt4omini,losing_paraphrase_gpt4omini,4,Yes
e0e76c73-21e7-4df5-ae3b-01c7a2ea5814,losing_text,losing_improve_gemini,2,1,No,askacademia_train,2,1,2,losing_improve_gemini,losing_improve_gemini,losing_improve_gemini,losing_improve_gemini,losing_improve_gemini,losing_improve_gemini,5,Yes
e0e76c73-21e7-4df5-ae3b-01c7a2ea5814,losing_text,losing_paraphrase_gpt5nano,2,1,No,askacademia_train,2,1,2,losing_paraphrase_gpt5nano,losing_paraphrase_gpt5nano,losing_paraphrase_gpt5nano,losing_paraphrase_gpt5nano,losing_paraphrase_gpt5nano,losing_paraphrase_gpt5nano,5,Yes
e0e76c73-21e7-4df5-ae3b-01c7a2ea5814,losing_text,losing_paraphrase_mistral,2,1,No,askacademia_train,2,1,2,losing_paraphrase_mistral,losing_paraphrase_mistral,losing_paraphrase_mistral,losing_paraphrase_mistral,losing_paraphrase_mistral,losing_paraphrase_mistral,5,Yes
e0e76c73-21e7-4df5-ae3b-01c7a2ea5814,losing_text,losing_paraphrase_llama,2,2,Yes,askacademia_train,2,2,2,losing_paraphrase_llama,losing_text,losing_paraphrase_llama,losing_text,losing_paraphrase_llama,losing_paraphrase_llama,3,Yes
e0e76c73-21e7-4df5-ae3b-01c7a2ea5814,losing_text,losing_paraphrase_qwen,2,2,Yes,askacademia_train,2,1,2,losing_paraphrase_qwen,losing_text,losing_paraphrase_qwen,losing_paraphrase_qwen,losing_paraphrase_qwen,losing_paraphrase_qwen,4,Yes
53224857-de66-4568-a5a1-1fcde510bf49,winning_text,losing_text,2,1,No,askacademia_train,2,1,2,losing_text,losing_text,losing_text,losing_text,losing_text,losing_text,5,Yes
53224857-de66-4568-a5a1-1fcde510bf49,winning_text,losing_generate_claude,2,1,No,askacademia_train,2,1,2,losing_generate_claude,losing_generate_claude,losing_generate_claude,losing_generate_claude,losing_generate_claude,losing_generate_claude,5,Yes
53224857-de66-4568-a5a1-1fcde510bf49,winning_text,losing_generate_gpt5nano,2,1,No,askacademia_train,2,1,2,losing_generate_gpt5nano,losing_generate_gpt5nano,losing_generate_gpt5nano,losing_generate_gpt5nano,losing_generate_gpt5nano,losing_generate_gpt5nano,5,Yes
53224857-de66-4568-a5a1-1fcde510bf49,winning_text,losing_generate_gemini,2,1,No,askacademia_train,2,1,2,losing_generate_gemini,losing_generate_gemini,losing_generate_gemini,losing_generate_gemini,losing_generate_gemini,losing_generate_gemini,5,Yes
53224857-de66-4568-a5a1-1fcde510bf49,winning_text,losing_generate_gpt4omini,2,1,No,askacademia_train,2,1,2,losing_generate_gpt4omini,losing_generate_gpt4omini,losing_generate_gpt4omini,losing_generate_gpt4omini,losing_generate_gpt4omini,losing_generate_gpt4omini,5,Yes
53224857-de66-4568-a5a1-1fcde510bf49,winning_text,losing_generate_llama,2,1,No,askacademia_train,2,1,2,losing_generate_llama,losing_generate_llama,losing_generate_llama,losing_generate_llama,losing_generate_llama,losing_generate_llama,5,Yes
53224857-de66-4568-a5a1-1fcde510bf49,winning_text,losing_improve_claude,2,1,No,askacademia_train,2,1,2,losing_improve_claude,losing_improve_claude,losing_improve_claude,losing_improve_claude,losing_improve_claude,losing_improve_claude,5,Yes
53224857-de66-4568-a5a1-1fcde510bf49,winning_text,losing_generate_qwen,2,1,No,askacademia_train,2,1,2,losing_generate_qwen,losing_generate_qwen,losing_generate_qwen,losing_generate_qwen,losing_generate_qwen,losing_generate_qwen,5,Yes
53224857-de66-4568-a5a1-1fcde510bf49,winning_text,losing_generate_mistral,2,1,No,askacademia_train,2,1,2,losing_generate_mistral,losing_generate_mistral,losing_generate_mistral,losing_generate_mistral,losing_generate_mistral,losing_generate_mistral,5,Yes
53224857-de66-4568-a5a1-1fcde510bf49,winning_text,losing_improve_gemini,2,1,No,askacademia_train,2,1,2,losing_improve_gemini,losing_improve_gemini,losing_improve_gemini,losing_improve_gemini,losing_improve_gemini,losing_improve_gemini,5,Yes
53224857-de66-4568-a5a1-1fcde510bf49,winning_text,losing_improve_gpt4omini,2,1,No,askacademia_train,2,1,2,losing_improve_gpt4omini,losing_improve_gpt4omini,losing_improve_gpt4omini,losing_improve_gpt4omini,losing_improve_gpt4omini,losing_improve_gpt4omini,5,Yes
53224857-de66-4568-a5a1-1fcde510bf49,winning_text,losing_improve_llama,2,1,No,askacademia_train,2,1,2,losing_improve_llama,losing_improve_llama,losing_improve_llama,losing_improve_llama,losing_improve_llama,losing_improve_llama,5,Yes
53224857-de66-4568-a5a1-1fcde510bf49,winning_text,losing_improve_gpt5nano,2,1,No,askacademia_train,2,1,2,losing_improve_gpt5nano,losing_improve_gpt5nano,losing_improve_gpt5nano,losing_improve_gpt5nano,losing_improve_gpt5nano,losing_improve_gpt5nano,5,Yes
53224857-de66-4568-a5a1-1fcde510bf49,winning_text,losing_improve_qwen,2,1,No,askacademia_train,2,1,2,losing_improve_qwen,losing_improve_qwen,losing_improve_qwen,losing_improve_qwen,losing_improve_qwen,losing_improve_qwen,5,Yes
53224857-de66-4568-a5a1-1fcde510bf49,winning_text,losing_improve_mistral,2,1,No,askacademia_train,2,1,2,losing_improve_mistral,losing_improve_mistral,losing_improve_mistral,losing_improve_mistral,losing_improve_mistral,losing_improve_mistral,5,Yes
53224857-de66-4568-a5a1-1fcde510bf49,winning_text,losing_paraphrase_gemini,1,1,Yes,askacademia_train,1,1,1,winning_text,losing_paraphrase_gemini,winning_text,losing_paraphrase_gemini,winning_text,winning_text,3,Yes
53224857-de66-4568-a5a1-1fcde510bf49,winning_text,losing_paraphrase_gpt5nano,2,1,No,askacademia_train,2,1,2,losing_paraphrase_gpt5nano,losing_paraphrase_gpt5nano,losing_paraphrase_gpt5nano,losing_paraphrase_gpt5nano,losing_paraphrase_gpt5nano,losing_paraphrase_gpt5nano,5,Yes
53224857-de66-4568-a5a1-1fcde510bf49,winning_text,losing_paraphrase_gpt4omini,2,1,No,askacademia_train,2,1,2,losing_paraphrase_gpt4omini,losing_paraphrase_gpt4omini,losing_paraphrase_gpt4omini,losing_paraphrase_gpt4omini,losing_paraphrase_gpt4omini,losing_paraphrase_gpt4omini,5,Yes
53224857-de66-4568-a5a1-1fcde510bf49,winning_text,losing_paraphrase_llama,2,1,No,askacademia_train,2,1,2,losing_paraphrase_llama,losing_paraphrase_llama,losing_paraphrase_llama,losing_paraphrase_llama,losing_paraphrase_llama,losing_paraphrase_llama,5,Yes
53224857-de66-4568-a5a1-1fcde510bf49,winning_text,losing_paraphrase_claude,2,1,No,askacademia_train,2,1,2,losing_paraphrase_claude,losing_paraphrase_claude,losing_paraphrase_claude,losing_paraphrase_claude,losing_paraphrase_claude,losing_paraphrase_claude,5,Yes
53224857-de66-4568-a5a1-1fcde510bf49,winning_text,losing_paraphrase_mistral,2,1,No,askacademia_train,2,1,2,losing_paraphrase_mistral,losing_paraphrase_mistral,losing_paraphrase_mistral,losing_paraphrase_mistral,losing_paraphrase_mistral,losing_paraphrase_mistral,5,Yes
53224857-de66-4568-a5a1-1fcde510bf49,winning_text,losing_paraphrase_qwen,2,1,No,askacademia_train,2,1,2,losing_paraphrase_qwen,losing_paraphrase_qwen,losing_paraphrase_qwen,losing_paraphrase_qwen,losing_paraphrase_qwen,losing_paraphrase_qwen,5,Yes
53224857-de66-4568-a5a1-1fcde510bf49,losing_text,losing_generate_claude,2,1,No,askacademia_train,2,1,2,losing_generate_claude,losing_generate_claude,losing_generate_claude,losing_generate_claude,losing_generate_claude,losing_generate_claude,5,Yes
53224857-de66-4568-a5a1-1fcde510bf49,losing_text,losing_generate_gpt4omini,2,1,No,askacademia_train,2,1,2,losing_generate_gpt4omini,losing_generate_gpt4omini,losing_generate_gpt4omini,losing_generate_gpt4omini,losing_generate_gpt4omini,losing_generate_gpt4omini,5,Yes
53224857-de66-4568-a5a1-1fcde510bf49,losing_text,losing_generate_llama,2,1,No,askacademia_train,2,1,2,losing_generate_llama,losing_generate_llama,losing_generate_llama,losing_generate_llama,losing_generate_llama,losing_generate_llama,5,Yes
53224857-de66-4568-a5a1-1fcde510bf49,losing_text,losing_generate_qwen,2,1,No,askacademia_train,2,1,2,losing_generate_qwen,losing_generate_qwen,losing_generate_qwen,losing_generate_qwen,losing_generate_qwen,losing_generate_qwen,5,Yes
53224857-de66-4568-a5a1-1fcde510bf49,losing_text,losing_generate_gpt5nano,2,1,No,askacademia_train,2,1,2,losing_generate_gpt5nano,losing_generate_gpt5nano,losing_generate_gpt5nano,losing_generate_gpt5nano,losing_generate_gpt5nano,losing_generate_gpt5nano,5,Yes
53224857-de66-4568-a5a1-1fcde510bf49,losing_text,losing_improve_claude,2,1,No,askacademia_train,2,1,2,losing_improve_claude,losing_improve_claude,losing_improve_claude,losing_improve_claude,losing_improve_claude,losing_improve_claude,5,Yes
53224857-de66-4568-a5a1-1fcde510bf49,losing_text,losing_improve_gemini,2,1,No,askacademia_train,2,1,2,losing_improve_gemini,losing_improve_gemini,losing_improve_gemini,losing_improve_gemini,losing_improve_gemini,losing_improve_gemini,5,Yes
53224857-de66-4568-a5a1-1fcde510bf49,losing_text,losing_improve_gpt4omini,2,1,No,askacademia_train,2,1,2,losing_improve_gpt4omini,losing_improve_gpt4omini,losing_improve_gpt4omini,losing_improve_gpt4omini,losing_improve_gpt4omini,losing_improve_gpt4omini,5,Yes
53224857-de66-4568-a5a1-1fcde510bf49,losing_text,losing_generate_mistral,2,1,No,askacademia_train,2,1,2,losing_generate_mistral,losing_generate_mistral,losing_generate_mistral,losing_generate_mistral,losing_generate_mistral,losing_generate_mistral,5,Yes
53224857-de66-4568-a5a1-1fcde510bf49,losing_text,losing_improve_gpt5nano,2,1,No,askacademia_train,2,1,2,losing_improve_gpt5nano,losing_improve_gpt5nano,losing_improve_gpt5nano,losing_improve_gpt5nano,losing_improve_gpt5nano,losing_improve_gpt5nano,5,Yes
53224857-de66-4568-a5a1-1fcde510bf49,losing_text,losing_generate_gemini,2,1,No,askacademia_train,2,1,2,losing_generate_gemini,losing_generate_gemini,losing_generate_gemini,losing_generate_gemini,losing_generate_gemini,losing_generate_gemini,5,Yes
53224857-de66-4568-a5a1-1fcde510bf49,losing_text,losing_improve_llama,2,1,No,askacademia_train,2,1,2,losing_improve_llama,losing_improve_llama,losing_improve_llama,losing_improve_llama,losing_improve_llama,losing_improve_llama,5,Yes
53224857-de66-4568-a5a1-1fcde510bf49,losing_text,losing_improve_qwen,2,1,No,askacademia_train,2,1,2,losing_improve_qwen,losing_improve_qwen,losing_improve_qwen,losing_improve_qwen,losing_improve_qwen,losing_improve_qwen,5,Yes
53224857-de66-4568-a5a1-1fcde510bf49,losing_text,losing_improve_mistral,2,1,No,askacademia_train,2,1,2,losing_improve_mistral,losing_improve_mistral,losing_improve_mistral,losing_improve_mistral,losing_improve_mistral,losing_improve_mistral,5,Yes
53224857-de66-4568-a5a1-1fcde510bf49,losing_text,losing_paraphrase_gpt4omini,2,2,Yes,askacademia_train,2,2,2,losing_paraphrase_gpt4omini,losing_text,losing_paraphrase_gpt4omini,losing_text,losing_paraphrase_gpt4omini,losing_paraphrase_gpt4omini,3,Yes
53224857-de66-4568-a5a1-1fcde510bf49,losing_text,losing_paraphrase_gpt5nano,2,1,No,askacademia_train,2,1,2,losing_paraphrase_gpt5nano,losing_paraphrase_gpt5nano,losing_paraphrase_gpt5nano,losing_paraphrase_gpt5nano,losing_paraphrase_gpt5nano,losing_paraphrase_gpt5nano,5,Yes
53224857-de66-4568-a5a1-1fcde510bf49,losing_text,losing_paraphrase_llama,1,2,No,askacademia_train,1,2,1,losing_text,losing_text,losing_text,losing_text,losing_text,losing_text,5,Yes
53224857-de66-4568-a5a1-1fcde510bf49,losing_text,losing_paraphrase_gemini,1,2,No,askacademia_train,1,2,1,losing_text,losing_text,losing_text,losing_text,losing_text,losing_text,5,Yes
53224857-de66-4568-a5a1-1fcde510bf49,losing_text,losing_paraphrase_claude,2,1,No,askacademia_train,2,1,2,losing_paraphrase_claude,losing_paraphrase_claude,losing_paraphrase_claude,losing_paraphrase_claude,losing_paraphrase_claude,losing_paraphrase_claude,5,Yes
53224857-de66-4568-a5a1-1fcde510bf49,losing_text,losing_paraphrase_mistral,2,2,Yes,askacademia_train,2,2,2,losing_paraphrase_mistral,losing_text,losing_paraphrase_mistral,losing_text,losing_paraphrase_mistral,losing_paraphrase_mistral,3,Yes
53224857-de66-4568-a5a1-1fcde510bf49,losing_text,losing_paraphrase_qwen,2,1,No,askacademia_train,2,1,2,losing_paraphrase_qwen,losing_paraphrase_qwen,losing_paraphrase_qwen,losing_paraphrase_qwen,losing_paraphrase_qwen,losing_paraphrase_qwen,5,Yes
5201d75b-940f-454e-af9e-412ca80b0f22,winning_text,losing_generate_claude,2,1,No,askacademia_train,2,1,2,losing_generate_claude,losing_generate_claude,losing_generate_claude,losing_generate_claude,losing_generate_claude,losing_generate_claude,5,Yes
5201d75b-940f-454e-af9e-412ca80b0f22,winning_text,losing_generate_gemini,2,1,No,askacademia_train,2,1,2,losing_generate_gemini,losing_generate_gemini,losing_generate_gemini,losing_generate_gemini,losing_generate_gemini,losing_generate_gemini,5,Yes
5201d75b-940f-454e-af9e-412ca80b0f22,winning_text,losing_generate_gpt4omini,2,1,No,askacademia_train,2,1,2,losing_generate_gpt4omini,losing_generate_gpt4omini,losing_generate_gpt4omini,losing_generate_gpt4omini,losing_generate_gpt4omini,losing_generate_gpt4omini,5,Yes
5201d75b-940f-454e-af9e-412ca80b0f22,winning_text,losing_generate_mistral,2,1,No,askacademia_train,2,1,2,losing_generate_mistral,losing_generate_mistral,losing_generate_mistral,losing_generate_mistral,losing_generate_mistral,losing_generate_mistral,5,Yes
5201d75b-940f-454e-af9e-412ca80b0f22,winning_text,losing_generate_llama,2,1,No,askacademia_train,2,1,2,losing_generate_llama,losing_generate_llama,losing_generate_llama,losing_generate_llama,losing_generate_llama,losing_generate_llama,5,Yes
5201d75b-940f-454e-af9e-412ca80b0f22,winning_text,losing_generate_qwen,2,1,No,askacademia_train,2,1,2,losing_generate_qwen,losing_generate_qwen,losing_generate_qwen,losing_generate_qwen,losing_generate_qwen,losing_generate_qwen,5,Yes
5201d75b-940f-454e-af9e-412ca80b0f22,winning_text,losing_text,1,1,Yes,askacademia_train,1,1,2,winning_text,losing_text,winning_text,losing_text,losing_text,losing_text,3,No
5201d75b-940f-454e-af9e-412ca80b0f22,winning_text,losing_improve_claude,2,1,No,askacademia_train,2,1,2,losing_improve_claude,losing_improve_claude,losing_improve_claude,losing_improve_claude,losing_improve_claude,losing_improve_claude,5,Yes
5201d75b-940f-454e-af9e-412ca80b0f22,winning_text,losing_generate_gpt5nano,2,1,No,askacademia_train,2,1,2,losing_generate_gpt5nano,losing_generate_gpt5nano,losing_generate_gpt5nano,losing_generate_gpt5nano,losing_generate_gpt5nano,losing_generate_gpt5nano,5,Yes
5201d75b-940f-454e-af9e-412ca80b0f22,winning_text,losing_improve_gpt5nano,2,1,No,askacademia_train,2,1,2,losing_improve_gpt5nano,losing_improve_gpt5nano,losing_improve_gpt5nano,losing_improve_gpt5nano,losing_improve_gpt5nano,losing_improve_gpt5nano,5,Yes
5201d75b-940f-454e-af9e-412ca80b0f22,winning_text,losing_improve_llama,2,1,No,askacademia_train,2,1,2,losing_improve_llama,losing_improve_llama,losing_improve_llama,losing_improve_llama,losing_improve_llama,losing_improve_llama,5,Yes
5201d75b-940f-454e-af9e-412ca80b0f22,winning_text,losing_improve_gemini,2,1,No,askacademia_train,2,1,2,losing_improve_gemini,losing_improve_gemini,losing_improve_gemini,losing_improve_gemini,losing_improve_gemini,losing_improve_gemini,5,Yes
5201d75b-940f-454e-af9e-412ca80b0f22,winning_text,losing_improve_mistral,2,1,No,askacademia_train,2,1,2,losing_improve_mistral,losing_improve_mistral,losing_improve_mistral,losing_improve_mistral,losing_improve_mistral,losing_improve_mistral,5,Yes
5201d75b-940f-454e-af9e-412ca80b0f22,winning_text,losing_improve_qwen,2,1,No,askacademia_train,2,1,2,losing_improve_qwen,losing_improve_qwen,losing_improve_qwen,losing_improve_qwen,losing_improve_qwen,losing_improve_qwen,5,Yes
5201d75b-940f-454e-af9e-412ca80b0f22,winning_text,losing_improve_gpt4omini,2,1,No,askacademia_train,2,1,2,losing_improve_gpt4omini,losing_improve_gpt4omini,losing_improve_gpt4omini,losing_improve_gpt4omini,losing_improve_gpt4omini,losing_improve_gpt4omini,5,Yes
5201d75b-940f-454e-af9e-412ca80b0f22,winning_text,losing_paraphrase_gemini,2,1,No,askacademia_train,2,1,2,losing_paraphrase_gemini,losing_paraphrase_gemini,losing_paraphrase_gemini,losing_paraphrase_gemini,losing_paraphrase_gemini,losing_paraphrase_gemini,5,Yes
5201d75b-940f-454e-af9e-412ca80b0f22,winning_text,losing_paraphrase_gpt5nano,1,1,Yes,askacademia_train,1,1,1,winning_text,losing_paraphrase_gpt5nano,winning_text,losing_paraphrase_gpt5nano,winning_text,winning_text,3,Yes
5201d75b-940f-454e-af9e-412ca80b0f22,winning_text,losing_paraphrase_llama,1,1,Yes,askacademia_train,1,1,1,winning_text,losing_paraphrase_llama,winning_text,losing_paraphrase_llama,winning_text,winning_text,3,Yes
5201d75b-940f-454e-af9e-412ca80b0f22,winning_text,losing_paraphrase_claude,1,1,Yes,askacademia_train,1,1,1,winning_text,losing_paraphrase_claude,winning_text,losing_paraphrase_claude,winning_text,winning_text,3,Yes
5201d75b-940f-454e-af9e-412ca80b0f22,winning_text,losing_paraphrase_gpt4omini,1,1,Yes,askacademia_train,1,1,1,winning_text,losing_paraphrase_gpt4omini,winning_text,losing_paraphrase_gpt4omini,winning_text,winning_text,3,Yes
5201d75b-940f-454e-af9e-412ca80b0f22,winning_text,losing_paraphrase_mistral,1,1,Yes,askacademia_train,1,1,1,winning_text,losing_paraphrase_mistral,winning_text,losing_paraphrase_mistral,winning_text,winning_text,3,Yes
5201d75b-940f-454e-af9e-412ca80b0f22,winning_text,losing_paraphrase_qwen,2,1,No,askacademia_train,2,1,2,losing_paraphrase_qwen,losing_paraphrase_qwen,losing_paraphrase_qwen,losing_paraphrase_qwen,losing_paraphrase_qwen,losing_paraphrase_qwen,5,Yes
5201d75b-940f-454e-af9e-412ca80b0f22,losing_text,losing_generate_claude,2,1,No,askacademia_train,2,1,2,losing_generate_claude,losing_generate_claude,losing_generate_claude,losing_generate_claude,losing_generate_claude,losing_generate_claude,5,Yes
5201d75b-940f-454e-af9e-412ca80b0f22,losing_text,losing_generate_gemini,2,1,No,askacademia_train,2,1,2,losing_generate_gemini,losing_generate_gemini,losing_generate_gemini,losing_generate_gemini,losing_generate_gemini,losing_generate_gemini,5,Yes
5201d75b-940f-454e-af9e-412ca80b0f22,losing_text,losing_generate_gpt4omini,2,1,No,askacademia_train,2,1,2,losing_generate_gpt4omini,losing_generate_gpt4omini,losing_generate_gpt4omini,losing_generate_gpt4omini,losing_generate_gpt4omini,losing_generate_gpt4omini,5,Yes
5201d75b-940f-454e-af9e-412ca80b0f22,losing_text,losing_generate_llama,2,1,No,askacademia_train,2,1,2,losing_generate_llama,losing_generate_llama,losing_generate_llama,losing_generate_llama,losing_generate_llama,losing_generate_llama,5,Yes
5201d75b-940f-454e-af9e-412ca80b0f22,losing_text,losing_generate_gpt5nano,2,1,No,askacademia_train,2,1,2,losing_generate_gpt5nano,losing_generate_gpt5nano,losing_generate_gpt5nano,losing_generate_gpt5nano,losing_generate_gpt5nano,losing_generate_gpt5nano,5,Yes
5201d75b-940f-454e-af9e-412ca80b0f22,losing_text,losing_generate_qwen,2,1,No,askacademia_train,2,1,2,losing_generate_qwen,losing_generate_qwen,losing_generate_qwen,losing_generate_qwen,losing_generate_qwen,losing_generate_qwen,5,Yes
5201d75b-940f-454e-af9e-412ca80b0f22,losing_text,losing_generate_mistral,2,1,No,askacademia_train,2,1,2,losing_generate_mistral,losing_generate_mistral,losing_generate_mistral,losing_generate_mistral,losing_generate_mistral,losing_generate_mistral,5,Yes
5201d75b-940f-454e-af9e-412ca80b0f22,losing_text,losing_improve_gemini,2,1,No,askacademia_train,2,1,2,losing_improve_gemini,losing_improve_gemini,losing_improve_gemini,losing_improve_gemini,losing_improve_gemini,losing_improve_gemini,5,Yes
5201d75b-940f-454e-af9e-412ca80b0f22,losing_text,losing_improve_gpt4omini,2,1,No,askacademia_train,2,1,2,losing_improve_gpt4omini,losing_improve_gpt4omini,losing_improve_gpt4omini,losing_improve_gpt4omini,losing_improve_gpt4omini,losing_improve_gpt4omini,5,Yes
5201d75b-940f-454e-af9e-412ca80b0f22,losing_text,losing_improve_gpt5nano,2,1,No,askacademia_train,2,1,2,losing_improve_gpt5nano,losing_improve_gpt5nano,losing_improve_gpt5nano,losing_improve_gpt5nano,losing_improve_gpt5nano,losing_improve_gpt5nano,5,Yes
5201d75b-940f-454e-af9e-412ca80b0f22,losing_text,losing_improve_llama,2,1,No,askacademia_train,2,1,2,losing_improve_llama,losing_improve_llama,losing_improve_llama,losing_improve_llama,losing_improve_llama,losing_improve_llama,5,Yes
5201d75b-940f-454e-af9e-412ca80b0f22,losing_text,losing_improve_claude,2,1,No,askacademia_train,2,1,2,losing_improve_claude,losing_improve_claude,losing_improve_claude,losing_improve_claude,losing_improve_claude,losing_improve_claude,5,Yes
5201d75b-940f-454e-af9e-412ca80b0f22,losing_text,losing_improve_mistral,2,1,No,askacademia_train,2,1,2,losing_improve_mistral,losing_improve_mistral,losing_improve_mistral,losing_improve_mistral,losing_improve_mistral,losing_improve_mistral,5,Yes
5201d75b-940f-454e-af9e-412ca80b0f22,losing_text,losing_improve_qwen,2,1,No,askacademia_train,2,1,2,losing_improve_qwen,losing_improve_qwen,losing_improve_qwen,losing_improve_qwen,losing_improve_qwen,losing_improve_qwen,5,Yes
5201d75b-940f-454e-af9e-412ca80b0f22,losing_text,losing_paraphrase_gemini,2,1,No,askacademia_train,2,1,2,losing_paraphrase_gemini,losing_paraphrase_gemini,losing_paraphrase_gemini,losing_paraphrase_gemini,losing_paraphrase_gemini,losing_paraphrase_gemini,5,Yes
5201d75b-940f-454e-af9e-412ca80b0f22,losing_text,losing_paraphrase_claude,2,1,No,askacademia_train,2,1,2,losing_paraphrase_claude,losing_paraphrase_claude,losing_paraphrase_claude,losing_paraphrase_claude,losing_paraphrase_claude,losing_paraphrase_claude,5,Yes
5201d75b-940f-454e-af9e-412ca80b0f22,losing_text,losing_paraphrase_gpt4omini,2,2,Yes,askacademia_train,2,2,2,losing_paraphrase_gpt4omini,losing_text,losing_paraphrase_gpt4omini,losing_text,losing_paraphrase_gpt4omini,losing_paraphrase_gpt4omini,3,Yes
5201d75b-940f-454e-af9e-412ca80b0f22,losing_text,losing_paraphrase_gpt5nano,2,1,No,askacademia_train,2,1,2,losing_paraphrase_gpt5nano,losing_paraphrase_gpt5nano,losing_paraphrase_gpt5nano,losing_paraphrase_gpt5nano,losing_paraphrase_gpt5nano,losing_paraphrase_gpt5nano,5,Yes
5201d75b-940f-454e-af9e-412ca80b0f22,losing_text,losing_paraphrase_qwen,2,1,No,askacademia_train,2,1,2,losing_paraphrase_qwen,losing_paraphrase_qwen,losing_paraphrase_qwen,losing_paraphrase_qwen,losing_paraphrase_qwen,losing_paraphrase_qwen,5,Yes
5201d75b-940f-454e-af9e-412ca80b0f22,losing_text,losing_paraphrase_llama,1,2,No,askacademia_train,1,2,1,losing_text,losing_text,losing_text,losing_text,losing_text,losing_text,5,Yes
5201d75b-940f-454e-af9e-412ca80b0f22,losing_text,losing_paraphrase_mistral,2,2,Yes,askacademia_train,2,1,2,losing_paraphrase_mistral,losing_text,losing_paraphrase_mistral,losing_paraphrase_mistral,losing_paraphrase_mistral,losing_paraphrase_mistral,4,Yes
a4f335ee-4bbf-4484-a311-ef7665f17d1b,winning_text,losing_text,2,2,Yes,askacademia_train,2,2,2,losing_text,winning_text,losing_text,winning_text,losing_text,losing_text,3,Yes
a4f335ee-4bbf-4484-a311-ef7665f17d1b,winning_text,losing_generate_claude,2,1,No,askacademia_train,2,1,2,losing_generate_claude,losing_generate_claude,losing_generate_claude,losing_generate_claude,losing_generate_claude,losing_generate_claude,5,Yes
a4f335ee-4bbf-4484-a311-ef7665f17d1b,winning_text,losing_generate_gemini,2,1,No,askacademia_train,2,1,2,losing_generate_gemini,losing_generate_gemini,losing_generate_gemini,losing_generate_gemini,losing_generate_gemini,losing_generate_gemini,5,Yes
a4f335ee-4bbf-4484-a311-ef7665f17d1b,winning_text,losing_generate_gpt5nano,2,1,No,askacademia_train,2,1,2,losing_generate_gpt5nano,losing_generate_gpt5nano,losing_generate_gpt5nano,losing_generate_gpt5nano,losing_generate_gpt5nano,losing_generate_gpt5nano,5,Yes
a4f335ee-4bbf-4484-a311-ef7665f17d1b,winning_text,losing_generate_llama,2,1,No,askacademia_train,2,1,2,losing_generate_llama,losing_generate_llama,losing_generate_llama,losing_generate_llama,losing_generate_llama,losing_generate_llama,5,Yes
a4f335ee-4bbf-4484-a311-ef7665f17d1b,winning_text,losing_generate_gpt4omini,2,1,No,askacademia_train,2,1,2,losing_generate_gpt4omini,losing_generate_gpt4omini,losing_generate_gpt4omini,losing_generate_gpt4omini,losing_generate_gpt4omini,losing_generate_gpt4omini,5,Yes
a4f335ee-4bbf-4484-a311-ef7665f17d1b,winning_text,losing_generate_qwen,2,1,No,askacademia_train,2,1,2,losing_generate_qwen,losing_generate_qwen,losing_generate_qwen,losing_generate_qwen,losing_generate_qwen,losing_generate_qwen,5,Yes
a4f335ee-4bbf-4484-a311-ef7665f17d1b,winning_text,losing_generate_mistral,2,1,No,askacademia_train,2,1,2,losing_generate_mistral,losing_generate_mistral,losing_generate_mistral,losing_generate_mistral,losing_generate_mistral,losing_generate_mistral,5,Yes
a4f335ee-4bbf-4484-a311-ef7665f17d1b,winning_text,losing_improve_claude,2,1,No,askacademia_train,2,1,2,losing_improve_claude,losing_improve_claude,losing_improve_claude,losing_improve_claude,losing_improve_claude,losing_improve_claude,5,Yes
a4f335ee-4bbf-4484-a311-ef7665f17d1b,winning_text,losing_improve_gemini,2,1,No,askacademia_train,2,1,2,losing_improve_gemini,losing_improve_gemini,losing_improve_gemini,losing_improve_gemini,losing_improve_gemini,losing_improve_gemini,5,Yes
a4f335ee-4bbf-4484-a311-ef7665f17d1b,winning_text,losing_improve_gpt5nano,2,1,No,askacademia_train,2,1,2,losing_improve_gpt5nano,losing_improve_gpt5nano,losing_improve_gpt5nano,losing_improve_gpt5nano,losing_improve_gpt5nano,losing_improve_gpt5nano,5,Yes
a4f335ee-4bbf-4484-a311-ef7665f17d1b,winning_text,losing_improve_mistral,2,1,No,askacademia_train,2,1,2,losing_improve_mistral,losing_improve_mistral,losing_improve_mistral,losing_improve_mistral,losing_improve_mistral,losing_improve_mistral,5,Yes
a4f335ee-4bbf-4484-a311-ef7665f17d1b,winning_text,losing_improve_llama,2,1,No,askacademia_train,2,1,2,losing_improve_llama,losing_improve_llama,losing_improve_llama,losing_improve_llama,losing_improve_llama,losing_improve_llama,5,Yes
a4f335ee-4bbf-4484-a311-ef7665f17d1b,winning_text,losing_improve_qwen,2,1,No,askacademia_train,2,1,2,losing_improve_qwen,losing_improve_qwen,losing_improve_qwen,losing_improve_qwen,losing_improve_qwen,losing_improve_qwen,5,Yes
a4f335ee-4bbf-4484-a311-ef7665f17d1b,winning_text,losing_paraphrase_claude,2,1,No,askacademia_train,2,1,2,losing_paraphrase_claude,losing_paraphrase_claude,losing_paraphrase_claude,losing_paraphrase_claude,losing_paraphrase_claude,losing_paraphrase_claude,5,Yes
a4f335ee-4bbf-4484-a311-ef7665f17d1b,winning_text,losing_improve_gpt4omini,2,1,No,askacademia_train,2,1,2,losing_improve_gpt4omini,losing_improve_gpt4omini,losing_improve_gpt4omini,losing_improve_gpt4omini,losing_improve_gpt4omini,losing_improve_gpt4omini,5,Yes
a4f335ee-4bbf-4484-a311-ef7665f17d1b,winning_text,losing_paraphrase_gemini,2,1,No,askacademia_train,2,1,2,losing_paraphrase_gemini,losing_paraphrase_gemini,losing_paraphrase_gemini,losing_paraphrase_gemini,losing_paraphrase_gemini,losing_paraphrase_gemini,5,Yes
a4f335ee-4bbf-4484-a311-ef7665f17d1b,winning_text,losing_paraphrase_gpt4omini,2,1,No,askacademia_train,2,1,2,losing_paraphrase_gpt4omini,losing_paraphrase_gpt4omini,losing_paraphrase_gpt4omini,losing_paraphrase_gpt4omini,losing_paraphrase_gpt4omini,losing_paraphrase_gpt4omini,5,Yes
a4f335ee-4bbf-4484-a311-ef7665f17d1b,winning_text,losing_paraphrase_gpt5nano,2,1,No,askacademia_train,2,1,2,losing_paraphrase_gpt5nano,losing_paraphrase_gpt5nano,losing_paraphrase_gpt5nano,losing_paraphrase_gpt5nano,losing_paraphrase_gpt5nano,losing_paraphrase_gpt5nano,5,Yes
a4f335ee-4bbf-4484-a311-ef7665f17d1b,winning_text,losing_paraphrase_llama,2,1,No,askacademia_train,2,1,2,losing_paraphrase_llama,losing_paraphrase_llama,losing_paraphrase_llama,losing_paraphrase_llama,losing_paraphrase_llama,losing_paraphrase_llama,5,Yes
a4f335ee-4bbf-4484-a311-ef7665f17d1b,winning_text,losing_paraphrase_mistral,2,1,No,askacademia_train,2,1,2,losing_paraphrase_mistral,losing_paraphrase_mistral,losing_paraphrase_mistral,losing_paraphrase_mistral,losing_paraphrase_mistral,losing_paraphrase_mistral,5,Yes
a4f335ee-4bbf-4484-a311-ef7665f17d1b,winning_text,losing_paraphrase_qwen,2,1,No,askacademia_train,2,1,2,losing_paraphrase_qwen,losing_paraphrase_qwen,losing_paraphrase_qwen,losing_paraphrase_qwen,losing_paraphrase_qwen,losing_paraphrase_qwen,5,Yes
a4f335ee-4bbf-4484-a311-ef7665f17d1b,losing_text,losing_generate_gemini,2,1,No,askacademia_train,2,1,2,losing_generate_gemini,losing_generate_gemini,losing_generate_gemini,losing_generate_gemini,losing_generate_gemini,losing_generate_gemini,5,Yes
a4f335ee-4bbf-4484-a311-ef7665f17d1b,losing_text,losing_generate_claude,2,1,No,askacademia_train,2,1,2,losing_generate_claude,losing_generate_claude,losing_generate_claude,losing_generate_claude,losing_generate_claude,losing_generate_claude,5,Yes
a4f335ee-4bbf-4484-a311-ef7665f17d1b,losing_text,losing_generate_gpt4omini,2,1,No,askacademia_train,2,1,2,losing_generate_gpt4omini,losing_generate_gpt4omini,losing_generate_gpt4omini,losing_generate_gpt4omini,losing_generate_gpt4omini,losing_generate_gpt4omini,5,Yes
a4f335ee-4bbf-4484-a311-ef7665f17d1b,losing_text,losing_generate_llama,2,1,No,askacademia_train,2,1,2,losing_generate_llama,losing_generate_llama,losing_generate_llama,losing_generate_llama,losing_generate_llama,losing_generate_llama,5,Yes
a4f335ee-4bbf-4484-a311-ef7665f17d1b,losing_text,losing_generate_gpt5nano,2,1,No,askacademia_train,2,1,2,losing_generate_gpt5nano,losing_generate_gpt5nano,losing_generate_gpt5nano,losing_generate_gpt5nano,losing_generate_gpt5nano,losing_generate_gpt5nano,5,Yes
a4f335ee-4bbf-4484-a311-ef7665f17d1b,losing_text,losing_generate_mistral,2,1,No,askacademia_train,2,1,2,losing_generate_mistral,losing_generate_mistral,losing_generate_mistral,losing_generate_mistral,losing_generate_mistral,losing_generate_mistral,5,Yes
a4f335ee-4bbf-4484-a311-ef7665f17d1b,losing_text,losing_generate_qwen,2,1,No,askacademia_train,2,1,2,losing_generate_qwen,losing_generate_qwen,losing_generate_qwen,losing_generate_qwen,losing_generate_qwen,losing_generate_qwen,5,Yes
a4f335ee-4bbf-4484-a311-ef7665f17d1b,losing_text,losing_improve_claude,2,1,No,askacademia_train,2,1,2,losing_improve_claude,losing_improve_claude,losing_improve_claude,losing_improve_claude,losing_improve_claude,losing_improve_claude,5,Yes
a4f335ee-4bbf-4484-a311-ef7665f17d1b,losing_text,losing_improve_gpt4omini,2,1,No,askacademia_train,2,1,2,losing_improve_gpt4omini,losing_improve_gpt4omini,losing_improve_gpt4omini,losing_improve_gpt4omini,losing_improve_gpt4omini,losing_improve_gpt4omini,5,Yes
a4f335ee-4bbf-4484-a311-ef7665f17d1b,losing_text,losing_improve_gemini,2,1,No,askacademia_train,2,1,2,losing_improve_gemini,losing_improve_gemini,losing_improve_gemini,losing_improve_gemini,losing_improve_gemini,losing_improve_gemini,5,Yes
a4f335ee-4bbf-4484-a311-ef7665f17d1b,losing_text,losing_improve_gpt5nano,2,1,No,askacademia_train,2,1,2,losing_improve_gpt5nano,losing_improve_gpt5nano,losing_improve_gpt5nano,losing_improve_gpt5nano,losing_improve_gpt5nano,losing_improve_gpt5nano,5,Yes
a4f335ee-4bbf-4484-a311-ef7665f17d1b,losing_text,losing_improve_llama,2,1,No,askacademia_train,2,1,2,losing_improve_llama,losing_improve_llama,losing_improve_llama,losing_improve_llama,losing_improve_llama,losing_improve_llama,5,Yes
a4f335ee-4bbf-4484-a311-ef7665f17d1b,losing_text,losing_improve_mistral,2,1,No,askacademia_train,2,1,2,losing_improve_mistral,losing_improve_mistral,losing_improve_mistral,losing_improve_mistral,losing_improve_mistral,losing_improve_mistral,5,Yes
a4f335ee-4bbf-4484-a311-ef7665f17d1b,losing_text,losing_improve_qwen,2,1,No,askacademia_train,2,1,2,losing_improve_qwen,losing_improve_qwen,losing_improve_qwen,losing_improve_qwen,losing_improve_qwen,losing_improve_qwen,5,Yes
a4f335ee-4bbf-4484-a311-ef7665f17d1b,losing_text,losing_paraphrase_claude,2,1,No,askacademia_train,2,1,2,losing_paraphrase_claude,losing_paraphrase_claude,losing_paraphrase_claude,losing_paraphrase_claude,losing_paraphrase_claude,losing_paraphrase_claude,5,Yes
a4f335ee-4bbf-4484-a311-ef7665f17d1b,losing_text,losing_paraphrase_gemini,2,1,No,askacademia_train,2,1,2,losing_paraphrase_gemini,losing_paraphrase_gemini,losing_paraphrase_gemini,losing_paraphrase_gemini,losing_paraphrase_gemini,losing_paraphrase_gemini,5,Yes
a4f335ee-4bbf-4484-a311-ef7665f17d1b,losing_text,losing_paraphrase_gpt5nano,2,2,Yes,askacademia_train,2,2,2,losing_paraphrase_gpt5nano,losing_text,losing_paraphrase_gpt5nano,losing_text,losing_paraphrase_gpt5nano,losing_paraphrase_gpt5nano,3,Yes
a4f335ee-4bbf-4484-a311-ef7665f17d1b,losing_text,losing_paraphrase_llama,1,1,Yes,askacademia_train,1,2,1,losing_text,losing_paraphrase_llama,losing_text,losing_text,losing_text,losing_text,4,Yes
a4f335ee-4bbf-4484-a311-ef7665f17d1b,losing_text,losing_paraphrase_qwen,2,1,No,askacademia_train,2,1,2,losing_paraphrase_qwen,losing_paraphrase_qwen,losing_paraphrase_qwen,losing_paraphrase_qwen,losing_paraphrase_qwen,losing_paraphrase_qwen,5,Yes
a4f335ee-4bbf-4484-a311-ef7665f17d1b,losing_text,losing_paraphrase_gpt4omini,2,2,Yes,askacademia_train,2,2,2,losing_paraphrase_gpt4omini,losing_text,losing_paraphrase_gpt4omini,losing_text,losing_paraphrase_gpt4omini,losing_paraphrase_gpt4omini,3,Yes
a4f335ee-4bbf-4484-a311-ef7665f17d1b,losing_text,losing_paraphrase_mistral,2,2,Yes,askacademia_train,2,1,2,losing_paraphrase_mistral,losing_text,losing_paraphrase_mistral,losing_paraphrase_mistral,losing_paraphrase_mistral,losing_paraphrase_mistral,4,Yes
e0e76c73-21e7-4df5-ae3b-01c7a2ea5814,losing_text,losing_generate_gpt5nano,2,1,No,askacademia_train,2,1,2,losing_generate_gpt5nano,losing_generate_gpt5nano,losing_generate_gpt5nano,losing_generate_gpt5nano,losing_generate_gpt5nano,losing_generate_gpt5nano,5,Yes
