score,description
1,"Helpfulness

A winning forum comment should be helpful to the original poster (OP) and other readers. It provides valuable insights, suggestions, or solutions to the issue raised in the forum post. To achieve this, the commenter should have a solid understanding of the topic and offer actionable advice. A common pitfall is providing generic or vague responses that do not add value to the discussion. Always strive to offer specific and relevant information to help the OP and other readers."
2,"Clarity

Winning forum comments are clear and easy to understand. Commenters should use proper grammar, spelling, and punctuation to ensure their points are conveyed effectively. Avoid using jargon or overly complex language that may confuse readers. Instead, opt for simple and concise sentences that get straight to the point. Clarity is essential for effective communication and helps to maintain a productive and engaging conversation."
3,"Relevance

A winning forum comment should directly address the topic of the original post. Commenters should avoid derailing the conversation with off-topic comments or unrelated anecdotes. To ensure relevance, read the original post carefully and think about how your comment contributes to the discussion. By staying on-topic and focusing on the main issue, you demonstrate respect for the OP and other readers, fostering a more focused and productive conversation."
4,"Appropriate Tone

Maintaining an appropriate tone is crucial for a winning forum comment. Commenters should be respectful, polite, and considerate when engaging with the OP and other readers. Avoid using aggressive, confrontational, or dismissive language, as this can create a hostile environment and hinder productive conversation. Instead, use a friendly and approachable tone that encourages open dialogue and collaboration. This will help to create a positive atmosphere where everyone feels comfortable sharing their thoughts and experiences."
5,"Addressing the Post

A winning forum comment directly addresses the content of the original post, demonstrating that the commenter has read and understood the issue at hand. This involves acknowledging the OP's concerns, questions, or experiences and providing a thoughtful response. By explicitly addressing the post, commenters show that they are engaged in the conversation and committed to providing valuable input. This, in turn, encourages further participation and helps to build a strong and supportive community."
